Id,Pred
101.0,1.0057430627688206
102.0,-11.947177480299029
103.0,-6.956838749975599
104.0,-13.805128252996488
105.0,5.949888632301418
106.0,13.210161054310044
